userId,Forrest Gump (1994),Pulp Fiction (1994),"Shawshank Redemption, The (1994)",Raiders of the Lost Ark (Indiana Jones and the Raiders of the Lost Ark) (1981),"Silence of the Lambs, The (1991)","Matrix, The (1999)",Batman (1989),"Usual Suspects, The (1995)","Fugitive, The (1993)",Star Wars: Episode V - The Empire Strikes Back (1980),Aladdin (1992),Independence Day (a.k.a. ID4) (1996),Schindler's List (1993),Star Wars: Episode IV - A New Hope (1977),Gladiator (2000),Braveheart (1995),Seven (a.k.a. Se7en) (1995),Apollo 13 (1995),Terminator 2: Judgment Day (1991),"Lord of the Rings: The Two Towers, The (2002)"
1,4.0,3.0,0.0,5.0,4.0,5.0,4.0,5.0,5.0,5.0,0.0,3.0,5.0,5.0,5.0,4.0,5.0,0.0,0.0,0.0
2,0.0,0.0,3.0,0.0,0.0,0.0,0.0,0.0,0.0,0.0,0.0,0.0,0.0,0.0,4.0,0.0,0.0,0.0,0.0,0.0
3,0.0,0.0,0.0,0.0,0.0,0.0,0.0,0.0,0.0,0.0,0.0,0.0,0.5,0.0,0.0,0.0,0.0,0.0,0.0,0.0
4,0.0,1.0,0.0,3.0,5.0,1.0,0.0,0.0,5.0,5.0,4.0,0.0,0.0,5.0,0.0,0.0,2.0,0.0,0.0,0.0
5,0.0,5.0,3.0,0.0,0.0,0.0,3.0,4.0,4.0,0.0,4.0,0.0,5.0,0.0,0.0,4.0,0.0,3.0,3.0,0.0
6,5.0,2.0,5.0,0.0,4.0,0.0,3.0,1.0,5.0,0.0,5.0,5.0,3.0,0.0,0.0,5.0,4.0,4.0,3.0,0.0
7,5.0,0.0,0.0,0.0,5.0,0.0,3.0,4.5,0.0,4.0,3.0,4.5,0.0,5.0,1.5,0.0,0.0,4.5,2.5,4.5
8,3.0,4.0,5.0,0.0,4.0,0.0,3.0,5.0,3.0,0.0,0.0,0.0,5.0,0.0,0.0,3.0,4.0,4.0,0.0,0.0
9,0.0,0.0,0.0,5.0,0.0,0.0,0.0,0.0,0.0,0.0,0.0,0.0,0.0,0.0,0.0,0.0,0.0,0.0,0.0,5.0
10,3.5,1.0,0.0,0.0,0.0,0.5,0.0,0.0,0.0,0.0,4.0,0.0,0.0,0.0,4.0,0.0,0.0,0.0,0.0,4.0
11,5.0,0.0,4.0,0.0,5.0,0.0,0.0,0.0,5.0,0.0,0.0,4.0,0.0,0.0,0.0,5.0,0.0,5.0,4.0,0.0
12,0.0,0.0,0.0,0.0,0.0,0.0,0.0,0.0,0.0,0.0,0.0,0.0,0.0,0.0,0.0,0.0,0.0,0.0,0.0,0.0
13,0.0,0.0,0.0,5.0,0.0,5.0,0.0,0.0,0.0,0.0,0.0,0.0,0.0,0.0,5.0,0.0,5.0,0.0,0.0,0.0
14,4.0,3.0,3.0,0.0,4.0,0.0,2.0,0.0,0.0,0.0,0.0,0.0,3.0,0.0,0.0,5.0,5.0,4.0,0.0,0.0
15,5.0,4.0,5.0,4.0,0.0,4.0,0.0,0.0,0.0,5.0,3.0,3.5,5.0,5.0,5.0,0.0,3.5,0.0,5.0,3.5
16,3.5,3.0,4.0,3.5,3.0,3.5,0.0,4.0,0.0,3.0,0.0,0.0,4.0,3.0,0.0,0.0,3.5,0.0,0.0,3.5
17,5.0,5.0,5.0,4.5,4.5,5.0,4.5,4.5,0.0,5.0,0.0,4.0,4.5,5.0,0.0,4.5,4.0,3.5,4.5,5.0
18,4.5,4.0,5.0,4.0,4.5,4.5,0.0,5.0,3.5,4.0,3.5,4.0,4.5,4.0,4.5,4.5,4.5,0.0,4.5,3.5
19,2.0,0.0,0.0,5.0,0.0,4.0,5.0,0.0,4.0,4.0,3.0,0.0,0.0,4.0,3.0,0.0,3.0,0.0,5.0,0.0
20,0.0,0.0,0.0,0.0,0.0,0.0,0.0,0.0,0.0,0.0,5.0,0.0,0.0,0.0,4.5,0.0,0.0,0.0,0.0,5.0
21,4.5,3.5,0.0,4.0,0.0,4.0,3.5,0.0,0.0,4.5,4.0,3.5,0.0,4.5,2.5,0.0,0.0,0.0,3.5,2.0
22,5.0,0.0,5.0,0.0,0.0,0.0,0.0,0.0,0.0,0.0,0.0,0.0,0.0,0.0,4.0,0.0,0.0,0.0,0.0,0.0
23,0.0,3.5,0.0,0.0,0.0,0.0,0.0,4.0,0.0,0.0,0.0,0.0,0.0,0.0,0.0,0.0,0.0,0.0,0.0,0.0
24,4.5,4.0,4.5,4.5,4.5,4.0,0.0,4.0,3.5,0.0,0.0,3.5,0.0,0.0,4.0,0.0,0.0,0.0,0.0,0.0
25,0.0,0.0,0.0,5.0,0.0,5.0,0.0,0.0,0.0,0.0,0.0,0.0,5.0,5.0,5.0,0.0,0.0,0.0,0.0,5.0
26,3.0,4.0,0.0,0.0,4.0,0.0,4.0,0.0,4.0,0.0,0.0,0.0,0.0,0.0,0.0,0.0,4.0,3.0,0.0,0.0
27,5.0,0.0,0.0,5.0,0.0,0.0,0.0,0.0,0.0,4.0,0.0,3.0,0.0,4.0,0.0,0.0,0.0,0.0,0.0,0.0
28,4.0,4.5,3.5,2.5,2.5,4.0,2.5,3.5,3.0,4.0,0.0,3.0,3.0,4.0,4.0,3.5,3.0,0.0,4.5,3.5
29,4.5,3.5,4.5,4.5,0.0,0.0,0.0,3.5,0.0,0.0,0.0,4.0,0.0,0.0,5.0,0.0,0.0,4.0,0.0,0.0
30,0.0,0.0,5.0,5.0,0.0,5.0,0.0,0.0,0.0,5.0,0.0,0.0,0.0,5.0,0.0,5.0,0.0,0.0,3.5,5.0
31,0.0,0.0,0.0,4.0,0.0,0.0,0.0,0.0,0.0,4.0,5.0,4.0,0.0,0.0,0.0,0.0,0.0,0.0,0.0,0.0
32,0.0,5.0,5.0,5.0,5.0,0.0,5.0,5.0,0.0,4.0,0.0,3.0,4.0,5.0,0.0,0.0,0.0,0.0,0.0,0.0
33,5.0,5.0,4.0,0.0,5.0,5.0,0.0,5.0,5.0,0.0,5.0,0.0,5.0,0.0,0.0,5.0,0.0,3.0,4.0,0.0
34,4.0,0.0,4.0,0.0,0.0,3.0,0.0,0.0,0.0,0.0,0.0,3.0,0.0,0.0,0.0,0.5,0.0,0.0,3.5,1.0
35,0.0,0.0,0.0,0.0,0.0,0.0,4.0,5.0,0.0,0.0,0.0,0.0,0.0,0.0,0.0,0.0,0.0,5.0,0.0,0.0
36,0.0,0.0,4.0,0.0,0.0,0.0,0.0,0.0,0.0,0.0,0.0,0.0,0.0,0.0,0.0,0.0,0.0,0.0,0.0,0.0
37,4.0,5.0,4.0,0.0,5.0,0.0,3.0,0.0,4.0,0.0,0.0,0.0,0.0,0.0,0.0,0.0,0.0,5.0,0.0,0.0
38,3.0,3.0,5.0,0.0,3.0,0.0,4.0,5.0,5.0,0.0,3.0,0.0,5.0,0.0,0.0,5.0,0.0,4.0,0.0,0.0
39,0.0,5.0,0.0,4.0,5.0,5.0,4.0,5.0,4.0,5.0,4.0,0.0,0.0,5.0,0.0,0.0,3.0,0.0,4.0,0.0
40,0.0,5.0,5.0,0.0,0.0,0.0,4.0,0.0,3.0,0.0,4.0,0.0,0.0,0.0,0.0,4.0,0.0,5.0,0.0,0.0
